CHR,CHR_POS,rsID,REF,ALT,GBR_REF_FREQ,GBR_ALT_FREQ,JPT_REF_FREQ,JPT_ALT_FREQ,ESN_REF_FREQ,ESN_ALT_FREQ
6,410417,rs1050979,A,G,0.505,0.495,0.7,0.3,1,0
6,424915,rs9405661,C,A,0.57,0.43,0.6476,0.3524,1,0
6,8226764,rs13217044,A,G,0.63,0.37,0.581,0.419,0.475,0.525
6,17120009,rs12203596,A,C,0.62,0.38,0.9571,0.0429,0.76,0.24
6,26423332,rs4320356,C,T,0.565,0.435,0.6952,0.3048,0.13,0.87
6,29058810,rs114631266,C,T,0.985,0.015,1,0,1,0
6,29931850,rs2471863,C,T,0.605,0.395,0.5952,0.4048,0.465,0.535
6,29943253,rs9260151,C,T,0.825,0.175,0.7571,0.2429,0.74,0.26
6,29946109,rs34941730,T,G,0.92,0.08,0.6048,0.3952,0.88,0.12
6,30110498,rs2523989,C,T,0.88,0.12,0.8762,0.1238,0.925,0.075
6,30345252,rs45626136,C,T,0.94,0.06,0.9429,0.0571,1,0
6,30814225,rs886424,C,T,0.9,0.1,1,0,0.99,0.01
6,30919688,rs118124843,C,T,0.96,0.04,0.9714,0.0286,1,0
6,30954755,rs116020851,C,T,0.97,0.03,0.981,0.019,1,0
6,31110838,rs1265057,T,C,0.625,0.375,0.7476,0.2524,0.505,0.495
6,31173705,rs116763857,T,G,0.975,0.025,1,0,1,0
6,31280657,rs9264758,A,G,0.195,0.805,0.1762,0.8238,0.105,0.895
6,31396930,rs2251396,G,A,0.76,0.24,0.8667,0.1333,0.92,0.08
6,31449679,rs9501130,G,T,0.84,0.16,0.7571,0.2429,0.57,0.43
6,31576865,rs3093664,A,G,0.87,0.13,0.981,0.019,0.9,0.1
6,31600692,rs2857595,G,A,0.855,0.145,0.5571,0.4429,0.41,0.59
6,31951083,rs1270942,A,G,0.915,0.085,1,0,0.925,0.075
6,32238711,rs3134938,C,T,0.78,0.22,0.8286,0.1714,0.98,0.02
6,32337881,rs926592,C,A,0.8,0.2,0.8333,0.1667,0.625,0.375
6,32395438,rs1980493,T,C,0.86,0.14,0.9476,0.0524,0.865,0.135
6,32421478,rs3135365,C,A,0.215,0.785,0.2048,0.7952,0.455,0.545
6,32427864,rs9268576,T,C,0.96,0.04,0.9619,0.0381,0.945,0.055
6,32440750,rs9268645,C,G,0.64,0.36,0.6143,0.3857,0.81,0.19
6,32461866,rs9268853,T,C,0.63,0.37,0.6429,0.3571,0.845,0.155
6,32516743,rs138748427,C,A,1,0,0.9952,0.0048,1,0
6,32615624,rs7760731,C,A,0.795,0.205,0.7857,0.2143,0.78,0.22
6,32636595,rs9272346,G,A,0.395,0.605,0.4952,0.5048,0.535,0.465
6,32658495,rs9273363,C,A,0.7,0.3,0.6048,0.3952,0.93,0.07
6,32658698,rs9273368,G,A,0.7,0.3,0.6048,0.3952,0.93,0.07
6,32660056,rs1770,A,G,0.575,0.425,0.5667,0.4333,0.855,0.145
6,32700118,rs9275358,C,G,0.84,0.16,0.7238,0.2762,0.91,0.09
6,32700133,rs2647044,G,A,0.875,0.125,1,0,0.945,0.055
6,32700662,rs3135002,A,C,0.205,0.795,0.0857,0.9143,0.235,0.765
6,32714422,rs35122968,T,C,0.905,0.095,0.9333,0.0667,1,0
6,32714617,rs3997848,T,G,0.72,0.28,0.7429,0.2571,0.765,0.235
6,32830954,rs1015166,C,T,0.685,0.315,0.7286,0.2714,0.895,0.105
6,32836637,rs241427,A,G,0.35,0.65,0.4286,0.5714,0.27,0.73
6,32838614,rs4148870,C,T,0.585,0.415,0.6,0.4,0.665,0.335
6,33107889,rs3128930,C,T,0.655,0.345,0.8238,0.1762,0.52,0.48
6,36026129,rs3761980,A,G,0.93,0.07,0.9,0.1,0.76,0.24
6,36030611,rs80028505,C,T,0.93,0.07,0.9,0.1,0.845,0.155
6,64748694,rs78824139,C,T,0.99,0.01,1,0,0.1,0.9
6,90155151,rs17711850,T,C,0.565,0.435,1,0,0.97,0.03
6,90247744,rs3757247,C,T,0.47,0.53,0.5857,0.4143,0.82,0.18
6,90248512,rs11755527,C,G,0.475,0.525,0.6381,0.3619,0.82,0.18
6,90267049,rs72928038,G,A,0.78,0.22,1,0,1,0
6,94847753,rs9354144,T,A,0.92,0.08,0.6952,0.3048,0.995,0.005
6,123540174,rs11154178,T,A,0.495,0.505,0.8714,0.1286,0.125,0.875
6,126377573,rs9388489,A,G,0.55,0.45,0,1,0.825,0.175
6,126391101,rs1578060,G,C,0.55,0.45,0,1,0.94,0.06
6,126431738,rs1538171,C,G,0.545,0.455,0,1,0.815,0.185
6,137682468,rs12665429,T,C,0.64,0.36,0.8333,0.1667,0.795,0.205
6,143758717,rs6931865,A,G,0.305,0.695,0.3952,0.6048,0.26,0.74
6,159049210,rs212408,G,T,0.445,0.555,0.0524,0.9476,0.485,0.515
6,163922743,rs9356171,A,G,0.485,0.515,0.8048,0.1952,0.715,0.285
6,166969779,rs73043122,G,C,0.985,0.015,0.9238,0.0762,0.98,0.02
6,170063801,rs924043,T,C,0.16,0.84,0.5619,0.4381,0.69,0.31
,,rs9976767,,,,,,,,
,,rs9934817,,,,,,,,
,,rs9850225,,,,,,,,
,,rs9810233,,,,,,,,
,,rs968567,,,,,,,,
,,rs9653442,,,,,,,,
,,rs9585056,,,,,,,,
,,rs950146,,,,,,,,
,,rs947474,,,,,,,,
,,rs941576,,,,,,,,
,,rs9273367,,,,,,,,
,,rs926169,,,,,,,,
,,rs917911,,,,,,,,
,,rs911263,,,,,,,,
,,rs878889,,,,,,,,
,,rs857786,,,,,,,,
,,rs855330,,,,,,,,
,,rs836589,,,,,,,,
,,rs8056814,,,,,,,,
,,rs8046043,,,,,,,,
,,rs8035957,,,,,,,,
,,rs79538630,,,,,,,,
,,rs7936434,,,,,,,,
,,rs79237700,,,,,,,,
,,rs7903146,,,,,,,,
,,rs78896587,,,,,,,,
,,rs7871386,,,,,,,,
,,rs78325861,,,,,,,,
,,rs7831697,,,,,,,,
,,rs7805218,,,,,,,,
,,rs7804356,,,,,,,,
,,rs78037977,,,,,,,,
,,rs78031527,,,,,,,,
,,rs7795896,,,,,,,,
,,rs7731626,,,,,,,,
,,rs77273076,,,,,,,,
,,rs7725052,,,,,,,,
,,rs77155259,,,,,,,,
,,rs77150043,,,,,,,,
,,rs7684611,,,,,,,,
,,rs7684597,,,,,,,,
,,rs7684596,,,,,,,,
,,rs7679475,,,,,,,,
,,rs7672495,,,,,,,,
,,rs766751473,,,,,,,,
,,rs7660520,,,,,,,,
,,rs763361,,,,,,,,
,,rs7588550,,,,,,,,
,,rs7583877,,,,,,,,
,,rs7582694,,,,,,,,
,,rs75793288,,,,,,,,
,,rs757411,,,,,,,,
,,rs7567242,,,,,,,,
,,rs7562121,,,,,,,,
,,rs755374,,,,,,,,
,,rs7533564,,,,,,,,
,,rs7528684,,,,,,,,
,,rs7524087,,,,,,,,
,,rs74629033,,,,,,,,
,,rs74537115,,,,,,,,
,,rs743777,,,,,,,,
,,rs74203920,,,,,,,,
,,rs7313065,,,,,,,,
,,rs73018809,,,,,,,,
,,rs7301381,,,,,,,,
,,rs72871627,,,,,,,,
,,rs72853903,,,,,,,,
,,rs72831309,,,,,,,,
,,rs72809865,,,,,,,,
,,rs72802342,,,,,,,,
,,rs72743477,,,,,,,,
,,rs72727394,,,,,,,,
,,rs722988,,,,,,,,
,,rs7221109,,,,,,,,
,,rs7202877,,,,,,,,
,,rs7171171,,,,,,,,
,,rs7167984,,,,,,,,
,,rs71597855,,,,,,,,
,,rs7111341,,,,,,,,
,,rs7100025,,,,,,,,
,,rs70962766,,,,,,,,
,,rs706779,,,,,,,,
,,rs706778,,,,,,,,
,,rs705705,,,,,,,,
,,rs705699,,,,,,,,
,,rs7042370,,,,,,,,
,,rs7020673,,,,,,,,
,,rs6897932,,,,,,,,
,,rs689,,,,,,,,
,,rs67213764,,,,,,,,
,,rs6691977,,,,,,,,
,,rs6689858,,,,,,,,
,,rs6679677,,,,,,,,
,,rs657152,,,,,,,,
,,rs6547853,,,,,,,,
,,rs6534347,,,,,,,,
,,rs653178,,,,,,,,
,,rs6518350,,,,,,,,
,,rs6476839,,,,,,,,
,,rs6461299,,,,,,,,
,,rs645078,,,,,,,,
,,rs6448501,,,,,,,,
,,rs62447205,,,,,,,,
,,rs62324212,,,,,,,,
,,rs62131887,,,,,,,,
,,rs61983410,,,,,,,,
,,rs61879614,,,,,,,,
,,rs61839660,,,,,,,,
,,rs61759532,,,,,,,,
,,rs614226,,,,,,,,
,,rs61277444,,,,,,,,
,,rs61211515,,,,,,,,
,,rs607703,,,,,,,,
,,rs60587303,,,,,,,,
,,rs6055069,,,,,,,,
,,rs605093,,,,,,,,
,,rs6043409,,,,,,,,
,,rs6027506,,,,,,,,
,,rs6027504,,,,,,,,
,,rs602662,,,,,,,,
,,rs5790666,,,,,,,,
,,rs5753037,,,,,,,,
,,rs574480779,,,,,,,,
,,rs574384,,,,,,,,
,,rs57209021,,,,,,,,
,,rs571622299,,,,,,,,
,,rs570794153,,,,,,,,
,,rs56994090,,,,,,,,
,,rs56380902,,,,,,,,
,,rs56337234,,,,,,,,
,,rs56178904,,,,,,,,
,,rs559047,,,,,,,,
,,rs55846421,,,,,,,,
,,rs55705316,,,,,,,,
,,rs55703767,,,,,,,,
,,rs551191707,,,,,,,,
,,rs550448,,,,,,,,
,,rs541856133,,,,,,,,
,,rs539514,,,,,,,,
,,rs537544,,,,,,,,
,,rs516246,,,,,,,,
,,rs4972593,,,,,,,,
,,rs4948088,,,,,,,,
,,rs4929965,,,,,,,,
,,rs4900384,,,,,,,,
,,rs4871297,,,,,,,,
,,rs4869313,,,,,,,,
,,rs4849135,,,,,,,,
,,rs4837404,,,,,,,,
,,rs4820830,,,,,,,,
,,rs4788084,,,,,,,,
,,rs478222,,,,,,,,
,,rs4763879,,,,,,,,
,,rs4676410,,,,,,,,
,,rs4625,,,,,,,,
,,rs4513644,,,,,,,,
,,rs4505848,,,,,,,,
,,rs4366464,,,,,,,,
,,rs428595,,,,,,,,
,,rs4263714,,,,,,,,
,,rs425105,,,,,,,,
,,rs4246905,,,,,,,,
,,rs4238595,,,,,,,,
,,rs416603,,,,,,,,
,,rs41295121,,,,,,,,
,,rs4084127,,,,,,,,
,,rs402072,,,,,,,,
,,rs3864055,,,,,,,,
,,rs3842753,,,,,,,,
,,rs3842727,,,,,,,,
,,rs3825932,,,,,,,,
,,rs3802604,,,,,,,,
,,rs3802214,,,,,,,,
,,rs3788013,,,,,,,,
,,rs3764021,,,,,,,,
,,rs3757787,,,,,,,,
,,rs3741208,,,,,,,,
,,rs373009901,,,,,,,,
,,rs36051895,,,,,,,,
,,rs36001488,,,,,,,,
,,rs35956129,,,,,,,,
,,rs35766765,,,,,,,,
,,rs35667974,,,,,,,,
,,rs35612822,,,,,,,,
,,rs35122968,,,,,,,,
,,rs34884278,,,,,,,,
,,rs34740712,,,,,,,,
,,rs34593439,,,,,,,,
,,rs34536443,,,,,,,,
,,rs34319244,,,,,,,,
,,rs34090353,,,,,,,,
,,rs337637,,,,,,,,
,,rs3184504,,,,,,,,
,,rs317865,,,,,,,,
,,rs3087243,,,,,,,,
,,rs3024505,,,,,,,,
,,rs2990510,,,,,,,,
,,rs2941522,,,,,,,,
,,rs2903692,,,,,,,,
,,rs2872507,,,,,,,,
,,rs28641753,,,,,,,,
,,rs28600853,,,,,,,,
,,rs28485846,,,,,,,,
,,rs2847278,,,,,,,,
,,rs2836882,,,,,,,,
,,rs2816313,,,,,,,,
,,rs2807264,,,,,,,,
,,rs2738774,,,,,,,,
,,rs2664170,,,,,,,,
,,rs2641348,,,,,,,,
,,rs2611215,,,,,,,,
,,rs2597169,,,,,,,,
,,rs2542151,,,,,,,,
,,rs2476601,,,,,,,,
,,rs2410601,,,,,,,,
,,rs238265,,,,,,,,
,,rs2358994,,,,,,,,
,,rs2304256,,,,,,,,
,,rs229541,,,,,,,,
,,rs229533,,,,,,,,
,,rs2292239,,,,,,,,
,,rs2290400,,,,,,,,
,,rs2281808,,,,,,,,
,,rs2269247,,,,,,,,
,,rs2269242,,,,,,,,
,,rs2269241,,,,,,,,
,,rs2250903,,,,,,,,
,,rs2237897,,,,,,,,
,,rs2229238,,,,,,,,
,,rs2165738,,,,,,,,
,,rs2153977,,,,,,,,
,,rs2148655,,,,,,,,
,,rs2128344,,,,,,,,
,,rs2111485,,,,,,,,
,,rs2085277,,,,,,,,
,,rs2075184,,,,,,,,
,,rs2069762,,,,,,,,
,,rs2066363,,,,,,,,
,,rs1990760,,,,,,,,
,,rs1989248,,,,,,,,
,,rs1983890,,,,,,,,
,,rs1983853,,,,,,,,
,,rs1970112,,,,,,,,
,,rs1947178,,,,,,,,
,,rs193778,,,,,,,,
,,rs192324744,,,,,,,,
,,rs191449639,,,,,,,,
,,rs1893217,,,,,,,,
,,rs1881146,,,,,,,,
,,rs1876142,,,,,,,,
,,rs185335076,,,,,,,,
,,rs185299109,,,,,,,,
,,rs183937294,,,,,,,,
,,rs181176493,,,,,,,,
,,rs1805731,,,,,,,,
,,rs17885785,,,,,,,,
,,rs178050,,,,,,,,
,,rs17696736,,,,,,,,
,,rs17466626,,,,,,,,
,,rs17407280,,,,,,,,
,,rs17388568,,,,,,,,
,,rs17206992,,,,,,,,
,,rs17166496,,,,,,,,
,,rs17143056,,,,,,,,
,,rs1701704,,,,,,,,
,,rs16956936,,,,,,,,
,,rs1689510,,,,,,,,
,,rs1615504,,,,,,,,
,,rs1534422,,,,,,,,
,,rs151234,,,,,,,,
,,rs149641852,,,,,,,,
,,rs1493696,,,,,,,,
,,rs1465788,,,,,,,,
,,rs1456988,,,,,,,,
,,rs145681168,,,,,,,,
,,rs1445898,,,,,,,,
,,rs144434404,,,,,,,,
,,rs143723948,,,,,,,,
,,rs143537377,,,,,,,,
,,rs142823282,,,,,,,,
,,rs1405209,,,,,,,,
,,rs140215710,,,,,,,,
,,rs139881548,,,,,,,,
,,rs138760780,,,,,,,,
,,rs138181578,,,,,,,,
,,rs1344228,,,,,,,,
,,rs13415583,,,,,,,,
,,rs1332099,,,,,,,,
,,rs1326934,,,,,,,,
,,rs13259300,,,,,,,,
,,rs13147255,,,,,,,,
,,rs13132147,,,,,,,,
,,rs13045180,,,,,,,,
,,rs13018977,,,,,,,,
,,rs12971201,,,,,,,,
,,rs12928404,,,,,,,,
,,rs12927355,,,,,,,,
,,rs12863738,,,,,,,,
,,rs1275406,,,,,,,,
,,rs12742756,,,,,,,,
,,rs12722495,,,,,,,,
,,rs12720356,,,,,,,,
,,rs12712067,,,,,,,,
,,rs12708716,,,,,,,,
,,rs12679857,,,,,,,,
,,rs1265564,,,,,,,,
,,rs12644905,,,,,,,,
,,rs12644686,,,,,,,,
,,rs12615970,,,,,,,,
,,rs12598357,,,,,,,,
,,rs12508379,,,,,,,,
,,rs1250563,,,,,,,,
,,rs12482425,,,,,,,,
,,rs12464462,,,,,,,,
,,rs12453507,,,,,,,,
,,rs12444268,,,,,,,,
,,rs12437854,,,,,,,,
,,rs12416116,,,,,,,,
,,rs12344245,,,,,,,,
,,rs12251307,,,,,,,,
,,rs12232497,,,,,,,,
,,rs12128789,,,,,,,,
,,rs11954020,,,,,,,,
,,rs11888640,,,,,,,,
,,rs11839053,,,,,,,,
,,rs117826205,,,,,,,,
,,rs11741255,,,,,,,,
,,rs117372389,,,,,,,,
,,rs11725853,,,,,,,,
,,rs11723864,,,,,,,,
,,rs11705721,,,,,,,,
,,rs11698685,,,,,,,,
,,rs11651753,,,,,,,,
,,rs116216059,,,,,,,,
,,rs115829748,,,,,,,,
,,rs11580078,,,,,,,,
,,rs115061173,,,,,,,,
,,rs114846446,,,,,,,,
,,rs114378220,,,,,,,,
,,rs113935429,,,,,,,,
,,rs113881148,,,,,,,,
,,rs113554206,,,,,,,,
,,rs113517532,,,,,,,,
,,rs113306148,,,,,,,,
,,rs113114656,,,,,,,,
,,rs113010081,,,,,,,,
,,rs11258747,,,,,,,,
,,rs11203203,,,,,,,,
,,rs11203202,,,,,,,,
,,rs111821448,,,,,,,,
,,rs11171739,,,,,,,,
,,rs11170445,,,,,,,,
,,rs11145763,,,,,,,,
,,rs11120029,,,,,,,,
,,rs1110458,,,,,,,,
,,rs11052552,,,,,,,,
,,rs11033048,,,,,,,,
,,rs10988542,,,,,,,,
,,rs10974438,,,,,,,,
,,rs10961433,,,,,,,,
,,rs10933559,,,,,,,,
,,rs10919543,,,,,,,,
,,rs10876866,,,,,,,,
,,rs10831551,,,,,,,,
,,rs10822050,,,,,,,,
,,rs10811662,,,,,,,,
,,rs10795791,,,,,,,,
,,rs10788599,,,,,,,,
,,rs10786436,,,,,,,,
,,rs10758593,,,,,,,,
,,rs10751776,,,,,,,,
,,rs10625784,,,,,,,,
,,rs1052553,,,,,,,,
,,rs10517086,,,,,,,,
,,rs10509540,,,,,,,,
,,rs10277986,,,,,,,,
,,rs10258381,,,,,,,,
,,rs10255565,,,,,,,,
,,rs10245867,,,,,,,,
,,rs10213692,,,,,,,,
,,rs10186458,,,,,,,,
,,rs10169963,,,,,,,,
,,rs10137082,,,,,,,,
,,rs1004446,,,,,,,,
